district,km2,population,as_of,density_per_km2
Yashnobod,78.21285491790593,293000.0,2023-04-01,3746.187251539913
Uchtepa,28.20046493412863,295300.0,2023-04-01,10471.45856246588
Shayxontohur,26.949747093985344,361800.0,2023-04-01,13424.9868371027
Olmazor,33.709501672904516,397100.0,2023-04-01,11780.061415716105
Chilonzor,30.34390819549985,272900.0,2023-04-01,8993.56794259193
Yakkasaroy,14.102215661839736,128600.0,2023-04-01,9119.134402971058
Sergeli,51.48774769083175,163800.0,2023-04-01,3181.3393932779722
Bektemir,35.69755042065797,56800.0,2023-04-01,1591.145592083264
Mirobod,16.745122295103624,150100.0,2023-04-01,8963.804345811805
Yunusobod,41.35430730812026,369500.0,2023-04-01,8934.982207462719
Mirzo Ulug'bek,38.713484932164995,324900.0,2023-04-01,8392.424514850578
Yangihayot,42.20477665212912,164400.0,2023-04-01,3895.2936857138056
Yangi Toshkent,196.1696541766711,,,
