rank,h3,lat,lon,score,district,dist_safia_m,landmark,landmark_dist_m,reason,reason_ru,yandex
1,8820a1966bfffff,41.341618,69.385321,0.923,Mirzo Ulug'bek,1444.0,British Managment University (university),1387,"Atrofda (~1.5 km): 10 kafe, 8 supermarket, 35 avtobus bekati","В радиусе ~1.5 км: 10 кафе, 8 супермаркетов, 35 остановок","https://yandex.uz/maps/?pt=69.38532096115688,41.34161822173372&z=16&l=sat,skl"
2,8820a192ddfffff,41.29732,69.285027,0.872,Mirobod,1071.0,Узбекско-китайский институт имени Конфуция (university),81,"Atrofda (~1.5 km): 85 kafe, 15 maktab, 66 avtobus bekati","В радиусе ~1.5 км: 85 кафе, 15 школ, 66 остановок","https://yandex.uz/maps/?pt=69.2850274533562,41.297319660707565&z=16&l=sat,skl"
3,8820a52d63fffff,41.313782,69.226167,0.845,Shayxontohur,1073.0,Самарканд Дарвоза (mall),489,"Atrofda (~1.5 km): 2 savdo markazi, 12 maktab, 9 supermarket","В радиусе ~1.5 км: 2 ТЦ, 12 школ, 9 супермаркетов","https://yandex.uz/maps/?pt=69.22616682594881,41.31378227598658&z=16&l=sat,skl"
4,8820a528b7fffff,41.293829,69.19395,0.842,Uchtepa,1104.0,Республиканское училище олимпийского резерва (university),319,"Atrofda (~1.5 km): 11 supermarket, 48 kafe, 57 avtobus bekati","В радиусе ~1.5 км: 11 супермаркетов, 48 кафе, 57 остановок","https://yandex.uz/maps/?pt=69.19395010620195,41.29382938954487&z=16&l=sat,skl"
5,8820a52d13fffff,41.336714,69.282244,0.814,Yunusobod,1019.0,Bodomzor (metro),201,"Atrofda (~1.5 km): 12 maktab, 48 kafe, 46 avtobus bekati","В радиусе ~1.5 км: 12 школ, 48 кафе, 46 остановок","https://yandex.uz/maps/?pt=69.28224356656372,41.33671381136685&z=16&l=sat,skl"
6,8820a1976bfffff,41.282312,69.355769,0.654,Yashnobod,1144.0,Olmos (metro),388,"Atrofda (~1.5 km): 1 savdo markazi, 7 supermarket, 12 maktab","В радиусе ~1.5 км: 1 ТЦ, 7 супермаркетов, 12 школ","https://yandex.uz/maps/?pt=69.35576876073553,41.28231156893754&z=16&l=sat,skl"
7,8820a52d53fffff,41.349187,69.254901,0.653,Olmazor,1184.0,Академический лицей при Ташкентском Государственном Институте Востоковедения (university),371,"Atrofda (~1.5 km): 17 kafe, 11 maktab, zich tuman (11,780 kishi/km²)","В радиусе ~1.5 км: 17 кафе, 11 школ, плотный район (11,780 чел./км²)","https://yandex.uz/maps/?pt=69.25490084169316,41.349187257984994&z=16&l=sat,skl"
8,8820a52d65fffff,41.303807,69.210056,0.458,Shayxontohur,1499.0,Toshkent mehmonxona xo`jaligi va servis kasb-hunar kolleji (university),408,"Atrofda (~1.5 km): 47 avtobus bekati, 14 maktab, zich tuman (13,425 kishi/km²)","В радиусе ~1.5 км: 47 остановок, 14 школ, плотный район (13,425 чел./км²)","https://yandex.uz/maps/?pt=69.21005567214863,41.30380675147354&z=16&l=sat,skl"
9,8820a1906dfffff,41.202606,69.226918,0.299,Yangihayot,1218.0,Qipchok (metro),558,"Atrofda (~1.5 km): 42 avtobus bekati, 9 maktab, 3 universitet/kollej","В радиусе ~1.5 км: 42 остановок, 9 школ, 3 вузов/колледжей","https://yandex.uz/maps/?pt=69.2269181587581,41.202605504018365&z=16&l=sat,skl"
10,8820a5289bfffff,41.33322,69.191106,0.291,Shayxontohur,1148.0,Институт Шелководства (university),425,"Atrofda (~1.5 km): 12 maktab, zich tuman (13,425 kishi/km²), 7 supermarket","В радиусе ~1.5 км: 12 школ, плотный район (13,425 чел./км²), 7 супермаркетов","https://yandex.uz/maps/?pt=69.19110630846856,41.33321961634203&z=16&l=sat,skl"
