brand,name,address,lat,lon,source,district
Cake Lab,"Cake Lab ""Yunusobod""","Юнусабадский район, массив Юнусабад",41.3635112441869,69.27455763004208,cakelab.uz,Yunusobod
Cake Lab,"Cake Lab ""Sergeli""","Сергелийский район, массив Сергели, 4-й квартал, 61.",41.21745421693283,69.22504660720531,cakelab.uz,Sergeli
Cake Lab,"Cake Lab ""Olmazor City"" ","Малая кольцевая дорога, 165",41.34835681883809,69.24803649809552,cakelab.uz,Olmazor
Cake Lab,"Cake Lab ""Riviera""","Алмазарский район, ул. Нодиры, 4 (ТЦ «Ривьера»).",41.33959398752266,69.25443510894394,cakelab.uz,Olmazor
Cake Lab,"Cake Lab ""Bulvar""","Шайхантахурский район, ул. Укчи, 1А.",41.31505983770007,69.24381717294688,cakelab.uz,Shayxontohur
Cake Lab,"Cake Lab ""Markaz 1""","Мирзо-Улугбекский район, массив Буюк Ипак Йули, 15.",41.314645100159126,69.29038662561344,cakelab.uz,Mirzo Ulug'bek
Cake Lab,"Cake Lab ""Xuvaydo""","Шайхантахурский район, ул. Хиромий, 1.",41.340727611925566,69.20430237802647,cakelab.uz,Shayxontohur
Cake Lab,"Cake Lab ""Ipak Yo'li""","Мирзо-Улугбекский район, ул. Мирзо Улугбека, 51А.",41.32426079236679,69.32360642453685,cakelab.uz,Mirzo Ulug'bek
Cake Lab,"Cake Lab ""Bobur""","Яккасарайский район, ул. Бабура, 40А.",41.28638295932382,69.25277144047548,cakelab.uz,Yakkasaroy
Cake Lab,"Cake lab ""Novza""","""Чиланзарский район, 5-й квартал, 1/1""",41.29230137575165,69.22224911312647,cakelab.uz,Chilonzor
Cake Lab,"Cake Lab ""Beruniy""","Алмазарский район, ул. Фараби, 2.",41.347956424632486,69.1977329594897,cakelab.uz,Shayxontohur
Cake Lab,"Cake Lab ""Bodomzor""","Юнусабадский район, ул. Амира Темура, 2A.",41.33272445023959,69.28494298801037,cakelab.uz,Yunusobod
Cake Lab,"Cake Lab ""Shuhrat""","Учтепинский район,  массив Чиланзар, 11-й квартал, 2А.",41.27894890627535,69.1970664386578,cakelab.uz,Uchtepa
Cake Lab,"Cake Lab ""Abay""","Шайхантахурский район, массив Джангох, 9.",41.32638582141835,69.25352120846819,cakelab.uz,Shayxontohur
Cake Lab,"Cake Lab ""Qoratosh""","Шайхантахурский район, ул. Коратош, 55.",41.3154728324537,69.23308142394256,cakelab.uz,Shayxontohur
Cake Lab,"Cake Lab ""Oybek""","Мирабадский район, ул. Шахрисабз, 27/9.",41.296077683523485,69.2695103981476,cakelab.uz,Mirobod
Bon!,Bon!,,41.3053363,69.2732036,osm:n2664870801,Mirobod
Bon!,Bon!,,41.2794873,69.2475345,osm:n4141391289,Yakkasaroy
Bon!,Bon!,Fidokor ko'chasi 40,41.2950106,69.2715977,osm:n4192222297,Mirobod
Bon!,Bon!,Oqqo'rg'on ko'chasi 14a,41.3235719,69.3033702,osm:n4443546991,Mirzo Ulug'bek
Bon!,Bon!,Sodiq Azimov ko'chasi 44,41.3097309,69.2916794,osm:n4585832689,Mirzo Ulug'bek
Bon!,Bon!,,41.3215613,69.255315,osm:n5790389954,Shayxontohur
Bon!,Bon!,,41.3307419,69.2843476,osm:n6072808185,Yunusobod
Bon!,Bon!,,41.2995659,69.2776914,osm:n11036911867,Mirobod
Bon!,Bon!,,41.3537025,69.3527947,osm:n11036911868,Mirzo Ulug'bek
Bon!,Bon!,,41.2811545,69.2010543,osm:n11036911870,Chilonzor
Bon!,Bon!,,41.3426674,69.2052492,osm:n11036911871,Shayxontohur
Bon!,Bon!,,41.3268026,69.338842,osm:n11036911872,Mirzo Ulug'bek
Bon!,Bon!,,41.3054747,69.2850315,osm:n11036911873,Mirobod
Bon!,Bon!,,41.316565,69.245236,osm:n11036911874,Shayxontohur
Bon!,Bon!,,41.3615327,69.2804422,osm:n11036911875,Yunusobod
Bon!,Bon!,,41.2716355,69.1762682,osm:n11088799692,Uchtepa
Bon!,Bon!,,41.3420968,69.3336035,osm:n11104021405,Mirzo Ulug'bek
Bon!,Bon!,,41.2812611,69.2563593,osm:n11524251400,Yakkasaroy
Bon!,Bon!,,41.2981719,69.2493781,osm:n11524252278,Yakkasaroy
Bon!,Bon!,,41.3302514,69.3243295,osm:n11778035342,Mirzo Ulug'bek
Breadly,Breadly,,41.284767,69.2580948,osm:n10109407924,Yakkasaroy
Breadly,Breadly Ecopark,,41.3137541,69.2936654,osm:n10856275378,Mirzo Ulug'bek
Breadly,Breadly Market,,41.317789,69.285144,manual:yandex.uz/maps/org/breadly_market/59138201362,Yunusobod
