district,population,as_of,source
Olmazor,397100,2023-04-01,Tashkent city statistics department via uznews.uz/ru/news/64477
Yunusobod,369500,2023-04-01,Tashkent city statistics department via uznews.uz/ru/news/64477
Shayxontohur,361800,2023-04-01,Tashkent city statistics department via uznews.uz/ru/news/64477
Mirzo Ulug'bek,324900,2023-04-01,Tashkent city statistics department via uznews.uz/ru/news/64477
Uchtepa,295300,2023-04-01,Tashkent city statistics department via uznews.uz/ru/news/64477
Yashnobod,293000,2023-04-01,Tashkent city statistics department via uznews.uz/ru/news/64477
Chilonzor,272900,2023-04-01,Tashkent city statistics department via uznews.uz/ru/news/64477
Yangihayot,164400,2023-04-01,Tashkent city statistics department via uznews.uz/ru/news/64477
Sergeli,163800,2023-04-01,Tashkent city statistics department via uznews.uz/ru/news/64477
Mirobod,150100,2023-04-01,Tashkent city statistics department via uznews.uz/ru/news/64477
Yakkasaroy,128600,2023-04-01,Tashkent city statistics department via uznews.uz/ru/news/64477
Bektemir,56800,2023-04-01,Tashkent city statistics department via uznews.uz/ru/news/64477
