branch_id,name,result,note,checked_on
sf_0cc594e2,Ахмад,ok,,2026-09-28
sf_cf926ae2,Аэропорт,ok,,2026-09-28
sf_b1234e04,Водник,ok,,2026-09-28
sf_621e500c,Грандмир,ok,,2026-09-28
sf_a9146603,Дархан,ok,,2026-09-28
sf_307fe622,Дьюти-фри,not_found,"User: no Safia visible at this pin on Yandex. Site lists it as airport duty free; hh.uz has duty-free vacancies, so it is probably airside and not on public maps.",2026-09-28
sf_7addff8a,Медгородок,ok,,2026-09-28
sf_e7d5faad,Пионерская,ok,,2026-09-28
sf_ab25616b,Сергели,ok,,2026-09-28
sf_7b7fffa1,Спутник,ok,,2026-09-28
sf_36b19580,Хувайдо,ok,,2026-09-28
