branch_id,site_uuid,name,city,address,hours,is_24h,is_s_express,lat,lon
sf_31f7a0ac,31078b1d-9032-7c61-018e-67cf16eb2958,Андижан Узбегим,Андижан,"Андижан, улица Чулпон Шох, 5В",00:00-23:59,True,False,40.7865511,72.3511497
sf_eb7095ae,61e99629-b35a-aa6e-019d-5e28fcd632d2,IT парк,Ташкент,"Ташкент, улица Муминова, 4/4",08:00-23:00,False,False,41.3413729,69.3353973
sf_03d09d57,d705b912-16ac-2481-019a-b4c9a4eb96fd,S express Алпомиш,Ташкент,"Ташкент, улица Беруни, 41",08:00-23:00,False,True,41.3449438,69.2053642
sf_a69d14d8,,S express Бузбазар,Ташкент,"Ташкент, Мирзо-Улугбекский район, улица Сайрам, 43А",08:00-21:00,False,True,41.3274598,69.3256844
sf_d11ca71b,,S express Максим Горький,Ташкент,"Ташкент, улица Мирзо Улугбека, 64",08:00-23:00,False,True,41.3278199,69.3286404
sf_5d958f7b,,S express Олтин тепа,Ташкент,"Ташкент, Мирзо-Улугбекский район, массив Карасу, 6-й квартал, 28В",08:00-22:00,False,True,41.3204131,69.354631
sf_ec45e3f4,,S express Сити молл,Ташкент,"Ташкент, улица Батыра Закирова, 7",08:00-23:00,False,True,41.3163584,69.2524123
sf_f72d2a14,,S express Чорсу,Ташкент,"Ташкент, улица Сакичмон, 1/21",08:00-21:00,False,True,41.3252819,69.232339
sf_fbde00cc,,S express Янги-Сергени,Ташкент,"Ташкент, Сергелийский район, улица Янги Сергели",08:00-22:00,False,True,41.2209519,69.223191
sf_d012a93f,3f6d3613-2b17-4396-0187-bec80a8eab70,Авайхон,Ташкент,"Ташкент, Мирзо-Улугбекский район, массив Карасу, 6-й квартал",00:00-23:59,True,False,41.3159964,69.3533787
sf_e646e88f,427b9d87-ff3e-93b3-0193-f0996233fa31,Авторынок,Ташкент,"Ташкент, Сергелийский район, улица Янги Сергели, 6А",08:00-23:00,False,False,41.2294092,69.2186459
sf_cdb33bbe,df678ee6-56ce-4cbd-0189-25c1123d9d77,Аккурган,Ташкент,"Ташкент, Мирзо-Улугбекский район, улица Аккурган, 18",08:00-23:00,False,False,41.326595,69.304949
sf_366a8d0b,ecfb95bf-9dd1-6709-0179-0dc267f5d8bf,Алгоритм,Ташкент,"Ташкент, улица Сугалли-ота",08:00-23:00,False,False,41.2633374,69.1617589
sf_c2653c85,f601b3b5-3f00-5aa5-018c-10fc107386fe,Алмалык,Ташкентская область,"Ташкентская область, Алмалык, улица Амира Темура",00:00-23:59,True,False,40.8526465,69.5962728
sf_3b2e7692,c0884bc2-0547-689b-019e-0d3ff0529756,Алмалык Айдын,Ташкентская область,"Ташкентская область, Алмалык, махаллинский сход граждан Тошкент",08:00-23:00,False,False,40.873247,69.5925659
sf_b8e9747d,e26980a6-da5b-18e7-019d-ace962f8a263,Алматы Навои,Алматы,"Алматы, улица Алишера Навои, 30блок10",08:00-23:00,False,False,43.2176929,76.881427
sf_9a0b3933,7118fe72-8853-7ce2-019e-40228a910cf7,Ало,Ташкент,"Ташкент, 1-я улица Каракамыш, 8",08:00-23:00,False,False,41.3595721,69.2150709
sf_c61e1632,943a2644-0a50-6cbc-0186-dcfcde968d85,Аль-Хорезми,Ташкент,"Ташкент, Чиланзарский район, улица Аль-Хорезми, 66/7",08:00-23:00,False,False,41.2687041,69.1904187
sf_8a976373,b4a318ba-0a7a-54d6-018f-3e9105c7184d,Ангрен,Ташкентская область,"Ташкентская область, Ангрен, махаллинский сход граждан Гузал, улица Бунёдкор, 38",08:00-23:00,False,False,41.0114201,70.0838656
sf_a09c3727,359b1a91-00e0-ff09-019f-3ecfa3d2aea3,Андижан Мумтоз,Андижан,"Андижан, улица Буюк Турон, 40",08:00-23:00,False,False,40.7584431,72.3531254
sf_634fc860,3c4e8369-343a-7340-0179-5324fac01e15,Андижан Тц,Андижан,"Андижан, улица Машраба, 62B",08:00-24:00,False,False,40.7522935,72.3635682
sf_039358a5,dffd84bf-515e-2d73-0172-9e1b9faa4cbd,Ардус,Ташкент,"Ташкент, Юнусабадский район, массив Кашгар, 5А",08:00-23:00,False,False,41.3195029,69.2798888
sf_768f7b4b,55cfb9907a54192f01835fe397b39c89,Аскарова,Шымкент,"Шымкент, улица Асанбая Аскарова, 9",00:00-23:59,True,False,42.3173128,69.5816179
sf_38cf4c24,68a48efd-c1a8-b360-0183-b47673686eb8,Атлас,Ташкент,"Ташкент, улица Катартал, 2",08:00-23:00,False,False,41.2846567,69.2035103
sf_6fd5d984,d,Атлас ТЦ (Шухрат),Ташкент,"Ташкент, улица Катартал, 28",08:00-23:00,False,False,41.2811868,69.2010397
sf_0cc594e2,ea0f7ab3-ddc3-9aba-0187-473f09bc3af7,Ахмад,Ташкент,"Ташкент, Учтепинский район, массив Чиланзар, 31-й квартал, 11",08:00-23:00,False,False,41.26302,69.153976
sf_61dde38a,d61ec8c2-d3f8-0003-0189-abec3ae126f1,Ашрафи,Ташкент,"Ташкент, улица Махмура, 202",08:00-23:00,False,False,41.2836388,69.3347611
sf_cf926ae2,32c3c1ae-fa74-c146-0175-cb7d6744b31d,Аэропорт,Ташкент,"Ташкент, Яккасарайский район, Малая кольцевая дорога",08:00-23:00,False,False,41.269189,69.262476
sf_d1f31b92,7aafa396-55ed-aec3-019c-9c2e5506eefc,Бадамзар,улица Чингиза Айтматова,"улица Чингиза Айтматова, 78",08:00-23:00,False,False,41.339704,69.29376
sf_33362881,,Байтурсынова,Шымкент,"Шымкент, улица Байтурсынова, 18",08:00-24:00,False,False,42.3235008,69.5957464
sf_86ea1af3,00179593-380c-b48f-018e-566132b9c73c,Бекабад,Ташкентская область,"Ташкентская область, Бекабад, улица Буюк Ипак Йули, 2",08:00-23:00,False,False,40.2117733,69.2640102
sf_4c1cdf85,e94fc45d-8315-c78e-0198-7e5edb1c403c,Бельтепа,Ташкент,"Ташкент, Шайхантахурский район, улица Белтепа",08:00-23:00,False,False,41.3401594,69.1725147
sf_e3327a29,d62e9c60-ac3d-f87c-0181-179a6cd6d9b9,Бешкайрагач,Ташкент,"Ташкент, улица Кукча Дарвоза, 624/1",08:00-24:00,False,False,41.3086688,69.1644584
sf_7d6b1b75,8dba6300-7be4-a025-0193-1b92bf31bd93,Бобур-МКАД,Ташкент,"Ташкент, улица Бабура, 87Б/1",08:00-23:00,False,False,41.2700516,69.2632437
sf_b439ab0d,4d681184-d6a6-cf16-018e-01b40b6e480c,Боткина,Ташкент,"Ташкент, улица Бойкургон, 11/1",08:00-23:00,False,False,41.3114807,69.31253
sf_8c12b5a4,82d8c65f-0a66-d8a1-018f-f0cf5044cdf6,Бочка,Ташкентская область,"Ташкентская область, D011",00:00-23:59,True,False,41.627864,69.940511
sf_54a97c71,0161f10c-7154-41d3-0191-8d423fc23a21,Бульвар,Ташкент,"Ташкент, улица Укчи, 5",08:00-24:00,False,False,41.3163832,69.2452273
sf_bb37708a,1567d9fa-d7e1-84c2-0188-af1a70e84bae,Бунёдкор,Ташкент,"Ташкент, Чиланзарский район, массив Чиланзар, 17-й квартал, 33/1",08:00-23:00,False,False,41.2697962,69.2010252
sf_a7e7fd50,f2a2a47b-830a-b7c8-0182-62fbb84d8cd5,Бухара,Бухара,"Бухара, улица Мустакиллик, 19",08:00-24:00,False,False,39.763447,64.4301599
sf_04fee166,d78ccc58-bbae-e5fc-018f-f251f3c50a83,Бухара Вокзал,Бухарская область,"Бухарская область, Каган, махаллинский сход граждан Темирйулчи",12:00-30:00,False,False,39.7225062,64.5484668
sf_aa654bbc,0e9af00d-809a-2e27-0178-cbc13f1b61a9,Ватан,Ташкент,"Ташкент, Учтепинский район, массив Чиланзар, 24-й квартал, 16/1",08:00-23:00,False,False,41.2779067,69.1749574
sf_25c63cd4,d150196b-c893-b465-0189-dd04b8791b10,Вега,Ташкент,"Ташкент, улица Шота Руставели, 150",08:00-23:00,False,False,41.2599023,69.2234659
sf_b1234e04,a969342d-f74f-3bc2-0182-71ecdc1bebfa,Водник,Ташкент,"Ташкент, улица Хусейна Байкары, 37A",00:00-23:59,True,False,41.2549545,69.3748907
sf_1e5be4dd,b0af7005-744e-8a80-018b-329d8715cf0b,Гагарин,Ташкент,"Ташкент, Чиланзарский район, улица Чиланзар, 55",08:00-24:00,False,False,41.2829869,69.2225542
sf_a95039f1,130fe21e-ad3f-cb5c-018d-b33fdb04a41b,Газалкент,Ташкентская область,"Ташкентская область, Бостанлыкский район, Газалкент, улица Щорса, 48",08:00-23:00,False,False,41.5639773,69.7725939
sf_c815884b,2c5728ad-6a24-1c88-0170-18b1683f0454,Ганга,Ташкент,"Ташкент, Шайхантахурский район, улица Абдуллы Кадыри",00:00-23:59,True,False,41.328578,69.249245
sf_07db36bc,f2d513a3-b9d2-8134-0186-4675c3f2b1c7,Гвардейская,Ташкент,"Ташкент, Юнусабадский район, улица Янги Юнусабад, 53А",08:00-24:00,False,False,41.3719587,69.3183329
sf_edd4e8c5,4baf0bff-98a6-b607-018e-62a6aee63f46,Гейдар Алиева,Ташкент,"Ташкент, улица Гейдара Алиева, 202",08:00-23:00,False,False,41.273169,69.277963
sf_150281c3,eb48fe98-2557-830d-0188-5225ff6a1906,Глинка,Ташкент,"Ташкент, улица Нукус, 39",00:00-23:59,True,False,41.282421,69.2619221
sf_cd7b8c0f,c59589c7-f589-9175-0184-1b75973e789c,Глобус,Ташкент,"Ташкент, улица Заргарлик, 10А",08:00-23:00,False,False,41.2714404,69.1761001
sf_621e500c,674a5fcf-bd85-43fb-0191-35da350412ed,Грандмир,Ташкент,"Ташкент, улица Мирабад, 21/2",00:00-23:59,True,False,41.2973267,69.2686504
sf_4a42fd46,0f7408bd-b179-0e95-0196-7275c3989b12,Гулистан,Сырдарьинская область,"Сырдарьинская область, Гулистан, махаллинский сход граждан Намуна, проспект Узбекистон, 44",08:00-23:00,False,False,40.5032644,68.7725107
sf_8c593cea,d6c991f4-a84f-a55b-018c-7da6b56a8a3d,Гулобод,Ташкент,"Ташкент, улица Кукча Дарвоза, 298",00:00-23:59,True,False,41.3223979,69.2160811
sf_84ad9a81,8e2c367f-ba17-ba84-0186-ff8b0a237e02,Гёте,Ташкент,"Ташкент, проспект Амира Темура, 42",10:00-20:00,False,False,41.3206034,69.2829464
sf_a9146603,e5cf4b2e-c5a3-53f8-0189-b9bdc89c82ba,Дархан,Ташкент,"Ташкент, Мирзо-Улугбекский район, массив Алай, 1",08:00-23:00,False,False,41.3163412,69.2902288
sf_93379954,5d47e85e-4fec-0378-0193-419803205f8d,Джизак,Джизак,"Джизак, махаллинский сход граждан Ташлак",00:00-23:59,True,False,40.1278653,67.827195
sf_87c55bbf,be4ecc10-8e8e-2e74-0193-b44ce546bf5f,Для предзаказов 2026,Ташкент,"Ташкент, Юнусабадский район, 1-й тупик Ходжаабад, 12",08:00-23:00,False,False,41.385176,69.2627411
sf_5d320d55,19a32690-3c99-9b9e-0170-160310ea1fba,Домбрабад,Ташкент,"Ташкент, улица Домбрабад, 2",00:00-23:59,True,False,41.2700621,69.2107816
sf_d15c2e7d,46a2b9a3-7c54-5327-0192-169ccb2ea50b,Достык,Алматы,"Алматы, проспект Достык, 19",08:00-23:00,False,False,43.2545894,76.9552016
sf_3a9cb943,751b7d8d-e297-51e1-018f-214be05c20bf,Дрим парк,Ташкент,"Ташкент, Чиланзарский район, массив Чиланзар, 4-й квартал, 1А/7",10:00-23:00,False,False,41.281596,69.2175114
sf_eb910d83,7571f27a-5865-e025-0190-626209d1ae5f,Дружба,Ташкент,"Ташкент, улица Ислама Каримова, 8/1",00:00-23:59,True,False,41.3112946,69.2442181
sf_307fe622,7048393f-4626-cfa7-018a-8c165ffb0a16,Дьюти-фри,Ташкент,"Ташкент, аэропорт Ташкент имени Ислама Каримова",00:00-23:59,True,False,41.2618371,69.2672007
sf_ec9c3720,bf00f64e-c2de-5c99-0183-5f1bf88b51fb,Жомий,Ташкент,"Ташкент, улица Алтынсай, 72",08:00-23:00,False,False,41.3609959,69.2393844
sf_61deea80,5c6f72f6-b6ee-12b8-018f-4241d87bc88a,Зангиата,Ташкентская область,"Ташкентская область, Зангиатинский район, махаллинский сход граждан Урта, улица Шукрона, 60",08:00-23:00,False,False,41.199515,69.1581398
sf_947557c3,6d429da0-4172-e680-018e-aa45b0082b92,Заркайнар,Ташкент,"Ташкент, Шайхантахурский район, махаллинский сход граждан Гульбазар, улица Уйгур, 6",10:00-18:00,False,False,41.3250811,69.240285
sf_59899dd9,f7a2ac34-ede2-9d40-017d-7c615d3cd3f0,Зенит,Ташкент,"Ташкент, улица Рихсили, 25",00:00-23:59,True,False,41.3749484,69.2710409
sf_a6b31f2a,cfc3f04a-b83c-fa1b-0187-7fd0ea2f1c9d,Зиелилар,Ташкент,"Ташкент, Мирзо-Улугбекский район, улица Сайрам, 2/1",08:00-23:00,False,False,41.3357757,69.3235378
sf_18d44c72,d5c46307-1e42-b68f-0181-179a71da45df,Ибн Сино (Жарарық),Ташкент,"Ташкент, Зангиатинская улица, 14",08:00-23:00,False,False,41.3356655,69.1777751
sf_5a386135,2c2ffec8-c6fa-b16a-0170-0f41634fd4e8,Изза,Ташкент,"Ташкент, улица Фазылтепа, 12B",08:00-23:00,False,False,41.2834306,69.1648891
sf_06beb826,74b28380-1568-ded0-019d-4dab77658563,Интегро Чиланзар,Ташкент,"Ташкент, Чиланзарский район, проспект Бунёдкор, 52/2",08:00-23:00,False,False,41.2755145,69.204039
sf_fad9769f,a6a2bae4-64be-22a7-017e-ce2e7c9e5cdd,Инха,Ташкент,"Ташкент, Мирзо-Улугбекский район, улица Зиёлилар, 9",08:00-18:00,False,False,41.3386418,69.334791
sf_4159952a,5f1795d7-2719-2c43-016f-f7f178e15015,Кадышева,Ташкент,"Ташкент, Яшнабадский район, улица Авиасозлар, 9",08:00-23:00,False,False,41.2899049,69.3437448
sf_52fe3c7d,3248ffd0-d3b3-00b1-0181-bbc73c132b60,Камолон,Ташкент,"Ташкент, Шайхантахурский район, проспект Бунёдкор, 6А",08:00-23:00,False,False,41.308576,69.2379934
sf_8e7ff1e1,3200293f-8c29-23e1-0189-409c66190f24,Карасарай,Ташкент,"Ташкент, переулок Калинин-Мавзук, 72",08:00-23:00,False,False,41.3489547,69.2393654
sf_8cc9edba,7189f83e-5fe0-f3a8-0188-cf37c7bd693e,Карши,Кашкадарьинская область,"Кашкадарьинская область, Карши, проспект Мустакиллик, 30",00:00-23:59,True,False,38.8295164,65.785234
sf_16b431fe,18493e25-32a7-9ba5-0182-f052024f8436,Келес,Ташкентский район,"Ташкентский район, Келес, улица Келес Йули, 112B",08:00-23:00,False,False,41.4081497,69.202141
sf_2b00e60d,40da1309-4448-b34d-0192-d3088fb8842d,Кибрай,Ташкентская область,"Ташкентская область, Кибрайский район, махаллинский сход граждан Зебуннисо",00:00-23:59,True,False,41.3873629,69.4592683
sf_202bc272,eb4e4492-5a66-0cd5-018e-6c4d9d1a27e8,Коканд,Ферганская область,"Ферганская область, Коканд, махаллинский сход граждан Ширин, улица Усмон Носир, 70",08:00-24:00,False,False,40.5417471,70.971487
sf_fa519742,82e91cf7-1f8b-cd36-0185-a05feecf3cfa,Коммунизм,Ташкент,"Ташкент, улица Сагбан, 44A",08:00-23:00,False,False,41.3593056,69.2250392
sf_e9310b57,d3aaa9c-2244-c36e-0174-ecf3e7a7b15d,Компас,Ташкент,"Ташкент, Большая кольцевая дорога, 17",08:00-22:00,False,False,41.2386674,69.3279379
sf_4c131e74,c18fd678-2eb7-37a4-017f-5475deb7604d,Корасув,Ташкент,"Ташкент, Мирзо-Улугбекский район, махаллинский сход граждан Султония",08:00-23:00,False,False,41.335056,69.3704157
sf_31825981,1dd16b1d-1b43-ee96-0186-028004a01cdd,Крестик,Ташкент,"Ташкент, Ахангаранское шоссе (дублёр), 1",00:00-23:59,True,False,41.2925886,69.3567985
sf_7a050d2e,5ad26ffa-ea01-d82c-016f-f7f1239d4ee9,Кукча,Ташкент,"Ташкент, Шайхантахурский район, махаллинский сход граждан Кукча-Дарваза, улица Кукча, 38",08:00-23:00,False,False,41.321723,69.2028243
sf_b3880087,30140fde-7071-b3a6-018e-06594e088d46,Кургантепа,Ташкент,"Ташкент, Янгихаётский район, улица Кургантепа, 1А",08:00-23:00,False,False,41.2160082,69.2011305
sf_81fb4fd2,f8a905a9-0ab9-18b6-0187-50c2ef1146fc,Кушбеги,Ташкент,"Ташкент, Яккасарайский район, улица Кушбеги, 30Б",08:00-23:00,False,False,41.2678974,69.2467508
sf_9d5d36a0,ea1a4c58-fd83-0803-0193-e54b96b1940b,Лабзак,Ташкент,"Ташкент, улица Лабзак, 32",08:00-23:00,False,False,41.3270494,69.263575
sf_9eb3a257,575aa8f7-89c2-504b-0186-2a7f851218c1,Лакокраска,Ташкент,"Ташкент, улица Козитарнов, 5A",08:00-23:00,False,False,41.3330308,69.2980192
sf_4b40131e,3c0373ae-d431-91cd-0195-bd441cdc6b1e,Лассио,Алматы,"Алматы, проспект Абылай хана, 74",00:00-23:59,True,False,43.2594577,76.9416615
sf_faeb8f18,1c779a64-3129-8853-0174-525bd7c7893d,Луначарский,Ташкент,"Ташкент, Мирзо-Улугбекский район, улица Шукура Бурханова, 22",00:00-23:59,True,False,41.3370114,69.3555385
sf_e7d07812,a5419bb1-cc48-bbc0-0189-dc105da4457e,Максим Горький,Ташкент,"Ташкент, улица Буюк Ипак Йули, 62",08:00-23:00,False,False,41.3267102,69.3351645
sf_1c85fa7f,d3de586e-6035-c5af-0174-b490a05c1079,Малика,Ташкент,"Ташкент, улица Турккургон, 9А",08:00-23:00,False,False,41.3423547,69.2657623
sf_6cdf3f67,b8bf1b40-9aec-55c2-019c-f74dffbae0b2,Матонат (Куйлюк-1),Ташкент,"Ташкент, Мирабадский район, массив Куйлюк, 1-й квартал, 20",08:00-23:00,False,False,41.245124,69.310295
sf_76a8253f,b5ceb331-b946-37e6-016f-f99a72d30059,Мевазор,Ташкент,"Ташкент, Алмазарский район, улица Келес Йули, 54В",08:00-23:00,False,False,41.3700438,69.2254025
sf_340fc341,da64af0f-a159-a7ad-0172-e76e4ee4076e,Мега Планет,Ташкент,"Ташкент, улица Ахмада Дониша, 2Б",00:00-23:59,True,False,41.3670649,69.2915122
sf_7addff8a,02cc8a84-26d7-01cc-0188-3465681a4c6b,Медгородок,Ташкент,"Ташкент, Алмазарский район, 7-й проезд Камарнисо",00:00-23:59,True,False,41.3625886,69.1873748
sf_826b5070,e1f3dc22-551b-e5de-0189-9c7f97dc9d23,Мехржон,Ташкент,"Ташкент, улица Мехржон, 45",08:00-23:00,False,False,41.2876707,69.2847718
sf_6516c3c3,bce0d40b-2762-1bba-016f-f7f78caf4e21,Минор,Ташкент,"Ташкент, Юнусабадский район, улица Осиё, 4",08:00-24:00,False,False,41.3272514,69.2852065
sf_f429e20c,e2677c01-19f7-6b42-019b-597f9ad20e45,Момышулы,Шымкент,"Шымкент, проспект Бауыржан Момышулы, 4",08:00-24:00,False,False,42.3178653,69.5896223
sf_5660d279,dc078465-322b-4536-0190-9ee026c18e04,Навои,Навои,"Навои, 8-й микрорайон, проспект Ислама Каримова, 52А",00:00-23:59,True,False,40.0924026,65.3805061
sf_9c3b0cc3,d62e9c60-ac3d-f87c-0181-179a6cd6d9b9,Назарбек,Ташкентская область,"Ташкентская область, Зангиатинский район, махаллинский сход граждан Мухаммад Мусо Хоразмий, улица Эъзоз, 7",08:00-23:00,False,False,41.307052,69.1382349
sf_685385a6,00ceeb33-2d4e-ebbc-0182-5dff4cd7ab0f,Наманган А.Навои,Наманган,"Наманган, махаллинский сход граждан Шодлик",08:00-24:00,False,False,40.9939947,71.6484786
sf_43f1efa0,7557cc62-aa2d-2148-0189-da2d04b8984c,Наманган Галаба,Наманган,"Наманган, махаллинский сход граждан Давлатобод, улица Галаба, 46",00:00-23:59,True,False,40.9937595,71.6103107
sf_44dd0b17,559f98cc-63d4-7e73-0191-19d614786e2d,Некст,Ташкент,"Ташкент, улица Бабура, 6",10:00-22:00,False,False,41.2979416,69.2494525
sf_7e511ad3,9ba8a64f-69b4-1a52-018b-eec22e40ab62,Новза,Ташкент,"Ташкент, Чиланзарский район, проспект Бунёдкор, 1А",00:00-23:59,True,False,41.2911599,69.223855
sf_3e395a11,4a1c93a9-91d3-50b4-0193-c3525aa339c4,Нукус-1,Республика Каракалпакстан,"Республика Каракалпакстан, Нукус, улица Гарезсизлик, 20",08:00-23:00,False,False,42.4604301,59.6113138
sf_75c438d2,be90d35e-25b8-059a-0178-f391ed09b804,Нурафшон,Ташкент,"Ташкент, Шайхантахурский район, махаллинский сход граждан Лабзак, улица Бахор, 16",08:00-23:00,False,False,41.3337537,69.266923
sf_a03b2cfd,9e647c46-07b0-a55c-0189-df0c60bb1989,Океан,Ташкент,"Ташкент, улица Шота Руставели, 37",08:00-24:00,False,False,41.2899656,69.2593292
sf_9847077d,df6f3012-792a-2680-0174-fa674b605e95,Паркентский,Ташкент,"Ташкент, улица Паркент, 215Б",00:00-23:59,True,False,41.3124332,69.3327116
sf_3832b977,527c1b5f-d4f0-89ff-016f-f7f099f544bd,Парус (Чиланзар),Ташкент,"Ташкент, Чиланзарский район, массив Чиланзар, 8-й квартал, 20",08:00-23:00,False,False,41.2903078,69.2094813
sf_e7d5faad,d5878f0e-6458-c9d2-0184-c6c1f5915316,Пионерская,Ташкент,"Ташкент, Чиланзарский район, массив Чиланзар, 2-й квартал, 76",00:00-23:59,True,False,41.2751571,69.2238588
sf_08552e2d,,Пойтахт,Ташкент,"Ташкент, улица Матбуотчилар",08:00-23:00,False,False,41.311284,69.2740783
sf_56778381,c40c5c4a-868c-a6ee-016f-f7f808770836,Ракат,Ташкент,"Ташкент, улица Имама ат-Термези, 54",08:00-23:00,False,False,41.2887987,69.2426332
sf_f3476c32,1f247235-91c3-e3ed-0198-f964272739ac,Рахат,Алматы,"Алматы, проспект Жибек Жолы, 39",08:00-23:00,False,False,43.2630969,76.9582014
sf_90cd303a,5485d8a7-9726-53d1-0190-fa15f57f0a7c,Рисовый,Ташкент,"Ташкент, улица Абдурауфа Фитрата, 18Б",08:00-24:00,False,False,41.2724934,69.3082041
sf_49587e41,9f772f09-8387-4fd0-0190-24d2e3754121,Розыбакиева,Алматы,"Алматы, улица Абдуллы Розыбакиева, 336",00:00-23:59,True,False,43.2067979,76.8944334
sf_1d8c1c14,1f0b7690-1a6b-5ea4-0186-92a137fcc74b,Садык Азимов,Ташкент,"Ташкент, улица Садыка Азимова, 51",00:00-23:59,True,False,41.3062112,69.2913941
sf_c2762059,9bc2a117-c2c5-27bc-016f-f8159b482ab8,Сайрам,Ташкент,"Ташкент, Юнусабадский район, махаллинский сход граждан Севинч",08:00-23:00,False,False,41.3735377,69.3077899
sf_8a14d391,548afae7-bfd1-f700-0177-906480b2c468,СамПИ,Ташкент,"Ташкент, Юнусабадский район, улица Богишамол, 260А",00:00-23:59,True,False,41.3549645,69.3337706
sf_4addb5c0,9de8df67-8034-2e34-019e-9c838868f034,Самарканд (Мироншох),Самарканд,"Самарканд, улица Мирзо Улугбека, 16А",00:00-23:59,True,False,39.6560846,66.95495
sf_ab8b326f,a55e8def-abb9-73c4-017f-1be27c28c655,Саракулька,Ташкент,"Ташкент, улица Сарыкуль, 9G",08:00-23:00,False,False,41.278394,69.2862656
sf_b2e9e705,18a3b117-1899-09ad-018c-db2f329b4a47,Себзор,Ташкент,"Ташкент, Алмазарский район, массив Себзар, 52А",08:00-23:00,False,False,41.3352845,69.2536086
sf_c7e0c262,92c2cae3-35e1-0f52-0197-6abf9faabdc8,Северный,Шымкент,"Шымкент, улица Турар Рыскулова, 72/8",00:00-23:59,True,False,42.3384314,69.6398342
sf_5a1b1740,ff421a9f-45cc-6c4f-019a-a873569b427f,Сейфуллина (ТолеБи),Алматы,"Алматы, проспект Сакена Сейфуллина",08:00-23:00,False,False,43.2546981,76.9324175
sf_ab25616b,b0fece3b-b2fc-dde1-017b-3dd87c035417,Сергели,Ташкент,"Ташкент, Янгихаётский район, махаллинский сход граждан Машъал, улица Бирлик, 18А",00:00-23:59,True,False,41.2160519,69.2261065
sf_b4f9279e,dd146b62-67e9-f17a-0187-0c6a53e0182f,Сингапурский,Ташкент,"Ташкент, Чиланзарский район, проспект Бунёдкор, 28А",08:00-18:00,False,False,41.2696522,69.2027842
sf_a899325f,758525ef-242f-3d89-019f-7fa0101695d5,Сити Молл 3,Ташкент,"Ташкент, улица Батыра Закирова, 7",08:00-23:00,False,False,41.3156561,69.2529646
sf_7b7fffa1,53876360-891e-85e3-0180-4b8d141fa4f8,Спутник,Янгихаётский район,"Янгихаётский район, ул. Кургантепа, 1A",08:00-23:00,False,False,41.1962513,69.2150719
sf_2b606ca4,c2c4a5a1-b0c2-5210-0178-a948a0441c33,ТТЗ,Ташкент,"Ташкент, Мирзо-Улугбекский район, массив Городок Тракторостроителей, 2-й квартал, 53",00:00-23:59,True,False,41.3579761,69.3848276
sf_2ea5ab75,88c06e6a-5096-1a37-0179-d3ea8bab16d5,Тансыкбаев,Ташкент,"Ташкент, Алмазарский район, массив Каракамыш, квартал 2/4, 1-4",08:00-23:00,False,False,41.3646725,69.2062059
sf_35fdb362,3bd4bb4b5b0669ea0181162d66b4263e,Тауке Хана,Шымкент,"Шымкент, проспект Тауке хана, 82А",08:00-24:00,False,False,42.3152867,69.6090601
sf_65c2b133,4fe42fb2-404e-d374-018d-ea751d572033,Ташкент Сити,Ташкент,"Ташкент, улица Батыра Закирова, 7",08:00-23:00,False,False,41.3156764,69.2526758
sf_e9d47863,4f9824d5-32f0-22bd-0175-0bff6d733954,Ташми,Ташкент,"Ташкент, улица Фараби, 446A",08:00-23:00,False,False,41.3490123,69.1762503
sf_508edc10,17c1003c-35cc-b1de-0193-013c4c05ef03,Телебашня,Ташкент,"Ташкент, Юнусабадский район, улица Ифтихор, 1A",08:00-23:00,False,False,41.3482205,69.2851862
sf_6864162d,1bcd1736-a4e0-4b0d-0191-6584ec287028,Термез,Сурхандарьинская область,"Сурхандарьинская область, Термез, махаллинский сход граждан Абдулла Авлоний, улица Алишера Навоий, 19V",08:00-24:00,False,False,37.2388123,67.2801066
sf_6854687b,,Тимирязева,Алматы,"Алматы, улица Климента Тимирязева, 75",00:00-23:59,True,False,43.2261501,76.9065735
sf_5a9be607,8527b48b-992a-3080-016f-f818065dfe86,Тинчлик,Ташкент,"Ташкент, улица Беруни, 88",00:00-23:59,True,False,41.334061,69.217181
sf_17a8ff72,307108a0-e1ac-5e7f-018d-ab756bb15bbe,Туйтепа,Ташкентская область,"Ташкентская область, Нурафшан, улица Ташкент Йули, 61",00:00-23:59,True,False,41.0419691,69.3572176
sf_4b1b7658,4a1c93a9-91d3-50b4-0193-c3525aa339c4,Турин,Ташкент,"Ташкент, Алмазарский район, махаллинский сход граждан Зиё",08:00-24:00,False,False,41.349923,69.21783
sf_f1d7f8fa,,Уалиханова,Шымкент,"Шымкент, улица Шокана Уалиханова, 192Г",08:00-24:00,False,False,42.3245649,69.6402628
sf_15d1028e,bd43aa6d-f843-0bc9-0190-3d0740f01e04,УзБум,Ташкент,"Ташкент, улица Баку, 222",00:00-23:59,True,False,41.2875686,69.3033558
sf_5e53cc53,2e7361ac-7bc1-c0f3-018e-a7716d338c91,Уй базар,Ташкент,"Ташкент, улица Кукча Дарвоза, 487A",08:00-23:00,False,False,41.312922,69.1833564
sf_4801705b,4d6be542-9305-4bbe-0192-82697ea19cc3,Ургенч,Хорезмская область,"Хорезмская область, Ургенч, улица Янги Шовот Йули, 3",08:00-24:00,False,False,41.5597503,60.6075305
sf_a2b196e0,d769c622-6e11-2625-0189-0b3a5a503070,Урикзор,Ташкент,"Ташкент, улица Бурхониддина Маргинони",08:00-23:00,False,False,41.2869123,69.1485214
sf_f0b56f61,f437b4ed-e003-679f-0189-76b620e2db01,Уч Кахрамон,Ташкент,"Ташкент, проспект Амира Темура, 192",08:00-23:00,False,False,41.3785883,69.2892164
sf_c09fcc30,55cfb9907a54192f01835fe397b39c89,Фабрика,Ташкент,"Ташкент, улица Фазылтепа, 256",08:00-23:00,False,False,41.2972903,69.1789215
sf_1f860508,c855b14d-ae6b-e22d-017e-c19a08006ee8,Файзиабад,Ташкент,"Ташкент, Мирабадский район, улица Файзиабад, 8",00:00-23:59,True,False,41.2622015,69.3165815
sf_4889a052,ffe3e95a-ec6f-0b9d-0187-c1c8f7f01bd0,Фархадский,Ташкент,"Ташкент, Учтепинский район, массив Чиланзар, 12-й квартал, 21",08:00-27:00,False,False,41.2854341,69.1868866
sf_9f6d9f96,b4842b13-0b59-1eb0-017f-9c9d70bf8f10,Фергана,Фергана,"Фергана, улица Маърифат, 19",08:00-23:00,False,False,40.3833212,71.7883745
sf_a6c76eac,4da3450b-e010-c630-018c-df511df6d802,Феруза,Ташкент,"Ташкент, улица Феруза, 14",08:00-23:00,False,False,41.3547223,69.3684098
sf_e9b00cca,b6a22497-053d-4532-0186-1068ac388470,Фозилтепа,Ташкент,"Ташкент, улица Фазылтепа",08:00-23:00,False,False,41.2969692,69.1794877
sf_5d1e9499,86d0b9ba-c1b2-b505-0185-4d80ae9266fc,Хаст-Имам,Ташкент,"Ташкент, Карасарайская улица, 5A",08:00-23:00,False,False,41.3412356,69.2423932
sf_1fafe99e,5f997b0b-01c1-6892-0196-ab710533e33e,Хива,Хорезмская область,"Хорезмская область, Хива, 4-й тупик П. Корий",08:00-24:00,False,False,41.3802518,60.3561394
sf_36b19580,a2d82508-3fed-18f2-0189-de52946a19b3,Хувайдо,Ташкент,"Ташкент, 1-й проезд Хроми, 16",08:00-24:00,False,False,41.3416295,69.2047199
sf_f3c22b00,974ee52d-bd04-eb46-016f-f7f510530545,Цум,Ташкент,"Ташкент, улица Якуба Коласа, 3",08:00-23:00,False,False,41.3045133,69.269795
sf_af4a6bdd,cb560b2d-22b2-8042-0187-c0b83e5e577e,Чигатой,Ташкент,"Ташкент, Алмазарский район, махаллинский сход граждан Аллон",08:00-23:00,False,False,41.3389278,69.2206563
sf_6afc2be6,41b96dd9-c92d-6306-0193-fae64268401a,Чинабад (High town),Ташкент,"Ташкент, улица Янгишахар, 67",08:00-24:00,False,False,41.3559046,69.3110212
sf_adb5c966,78f46dca-52eb-1efc-018d-f900b9877de6,Чиназ,Ташкентская область,"Ташкентская область, Чиназ, улица Шарафа Рашидова, 68",08:00-23:00,False,False,40.9398923,68.7614051
sf_8ddef4f8,f2204dd2-896a-6dcb-0180-157dc2d74419,Чирчик,Ташкентская область,"Ташкентская область, Чирчик, махаллинский сход граждан Мирзо Голиб",00:00-23:59,True,False,41.469844,69.5828703
sf_63f37553,761908b1-10f4-87ae-019d-fad06f3215fe,Чирчик Юсупов,Ташкентская область,"Ташкентская область, Чирчик, проспект Алишера Навои",00:00-23:59,True,False,41.4376012,69.5463898
sf_b0cf9aa2,507bb0fc-8fc4-3426-016f-f7f074cf4781,Чорсу,Ташкент,"Ташкент, улица Самарканд Дарвоза, 1",08:00-23:00,False,False,41.3207368,69.2350718
sf_58085a4d,fac1dc6a-226c-7850-0181-1799eed7ab41,Шахристан,Ташкент,"Ташкент, проспект Амира Темура, 118/2",08:00-23:00,False,False,41.3537795,69.2886858
sf_c9218702,0e276885-6dd3-de89-0179-c6c8faadc7e9,Шота Руставели,Ташкент,"Ташкент, улица Шота Руставели, 69",08:00-23:00,False,False,41.272736,69.2401629
sf_73474a61,71b44026-e5e9-42c8-0185-38e8ab80b47a,Шохимардон,Ташкент,"Ташкент, Яшнабадский район, Шахимарданская улица, 116",08:00-23:00,False,False,41.27351,69.3461662
sf_e4e1f7e0,8a6888cb-8a15-32b7-0185-4dfa9c986b6e,Шохсарой,Ташкент,"Ташкент, Юнусабадский район, массив Юнусабад, 5-й квартал, 26",08:00-23:00,False,False,41.3597696,69.276581
sf_792fc4cd,1b98538a-96a1-96aa-0189-2360892fbb4d,Штаб,Ташкент,"Ташкент, улица Бешкайрагач, 104/3",08:00-23:00,False,False,41.3220107,69.1789292
sf_7c0043d7,65e704d5-0129-417e-018a-797fb27fdf57,Эко,Ташкент,"Ташкент, улица Тимура Малика, 3A",08:00-22:00,False,False,41.3535023,69.3511014
sf_6593fd10,62b87caf-59b8-cd8b-018c-806b4af9c213,Эркин,Ташкентская область,"Ташкентская область, Зангиатинский район, махаллинский сход граждан Янгихаёт, улица Узар, 43",08:00-23:00,False,False,41.2302095,69.1723189
sf_4e4a82fd,dc5127d7-5772-e4d2-0190-74a962dbce6c,Эшангузар,Ташкентская область,"Ташкентская область, Зангиатинский район, махаллинский сход граждан Ойбек, улица Мустакиллик",08:00-23:00,False,False,41.252439,69.1532068
sf_89cfaaac,618fad45-aa34-134c-0185-3950c0bd4217,Янги Куйлюк 5,Ташкент,"Ташкент, улица Янги Куйлюк, 41А",08:00-24:00,False,False,41.2477194,69.3018333
sf_97ce3946,1b567516-0be3-eb78-018d-d09012c6a1bb,Янгибазар,Ташкентская область,"Ташкентская область, Юкарычирчикский район, махаллинский сход граждан Навруз",08:00-23:00,False,False,41.314569,69.5184577
sf_31722f8e,c02c61db-278e-91b3-0184-3d0aecc88c20,Янгихаёт,Ташкент,"Ташкент, улица Мехригиё",08:00-24:00,False,False,41.223144,69.209046
sf_ae518048,1e7a0b02-4bd2-9c16-018a-f94ef9641f7b,Янгиюль,Ташкентская область,"Ташкентская область, Янгиюль, Самаркандская улица, 145",00:00-23:59,True,False,41.1200968,69.0603078
