brand,name,address,lat,lon,source
Cake Lab,"Cake Lab ""Yunusobod""","Юнусабадский район, массив Юнусабад",41.3635112441869,69.27455763004208,cakelab.uz
Cake Lab,"Cake Lab ""Sergeli""","Сергелийский район, массив Сергели, 4-й квартал, 61.",41.21745421693283,69.22504660720531,cakelab.uz
Cake Lab,"Cake Lab ""Olmazor City"" ","Малая кольцевая дорога, 165",41.34835681883809,69.24803649809552,cakelab.uz
Cake Lab,"Cake Lab ""Riviera""","Алмазарский район, ул. Нодиры, 4 (ТЦ «Ривьера»).",41.33959398752266,69.25443510894394,cakelab.uz
Cake Lab,"Cake Lab ""Bulvar""","Шайхантахурский район, ул. Укчи, 1А.",41.31505983770007,69.24381717294688,cakelab.uz
Cake Lab,"Cake Lab ""Markaz 1""","Мирзо-Улугбекский район, массив Буюк Ипак Йули, 15.",41.314645100159126,69.29038662561344,cakelab.uz
Cake Lab,"Cake Lab ""Xuvaydo""","Шайхантахурский район, ул. Хиромий, 1.",41.340727611925566,69.20430237802647,cakelab.uz
Cake Lab,"Cake Lab ""Ipak Yo'li""","Мирзо-Улугбекский район, ул. Мирзо Улугбека, 51А.",41.32426079236679,69.32360642453685,cakelab.uz
Cake Lab,"Cake Lab ""Bobur""","Яккасарайский район, ул. Бабура, 40А.",41.28638295932382,69.25277144047548,cakelab.uz
Cake Lab,"Cake lab ""Novza""","""Чиланзарский район, 5-й квартал, 1/1""",41.29230137575165,69.22224911312647,cakelab.uz
Cake Lab,"Cake Lab ""Beruniy""","Алмазарский район, ул. Фараби, 2.",41.347956424632486,69.1977329594897,cakelab.uz
Cake Lab,"Cake Lab ""Bodomzor""","Юнусабадский район, ул. Амира Темура, 2A.",41.33272445023959,69.28494298801037,cakelab.uz
Cake Lab,"Cake Lab ""Shuhrat""","Учтепинский район,  массив Чиланзар, 11-й квартал, 2А.",41.27894890627535,69.1970664386578,cakelab.uz
Cake Lab,"Cake Lab ""Abay""","Шайхантахурский район, массив Джангох, 9.",41.32638582141835,69.25352120846819,cakelab.uz
Cake Lab,"Cake Lab ""Qoratosh""","Шайхантахурский район, ул. Коратош, 55.",41.3154728324537,69.23308142394256,cakelab.uz
Cake Lab,"Cake Lab ""Oybek""","Мирабадский район, ул. Шахрисабз, 27/9.",41.296077683523485,69.2695103981476,cakelab.uz
